Year/Month,總計,桃園國際機場,高雄國際機場,臺北松山機場,花蓮機場,臺東機場,澎湖機場,臺中機場,臺南機場,嘉義機場,七美機場,望安機場,蘭嶼機場,綠島機場,金門機場,北竿機場,屏東機場,南竿機場,恆春機場
1999/09,4063822,1349490,825007,1051787,109268,82873,172626,116475,172018,69349,2007,190,3943,7613,78958,11503,10715,0,0
1999/10,3837967,1243873,801317,1031166,98099,75590,119182,121083,177309,70258,1925,224,3333,8205,67754,7610,11039,0,0
1999/11,4078512,1311407,848915,1097973,110082,82927,129407,121399,188327,73676,1974,274,2691,7930,80886,8075,12569,0,0
1999/12,3969554,1281751,813987,1087945,105783,80412,121131,120451,179555,68616,1333,89,2062,7483,77170,9856,11930,0,0
2000/01,3635344,1223331,721120,986420,96682,70949,107498,114465,161925,57450,942,120,2860,6959,64905,8657,11061,0,0
2000/02,4406726,1521917,876184,1120346,117115,101652,165657,115027,179263,71518,1802,188,3821,8814,101004,8079,14339,0,0
2000/03,3927552,1411902,787027,971355,108299,73930,123132,114926,170280,63846,1274,196,3317,8283,71426,7368,10991,0,0
2000/04,4188221,1608745,822079,939714,108051,84901,173915,117985,154872,60616,1700,225,4593,9339,84881,6050,10555,0,0
2000/05,4081739,1561255,790829,930026,107282,76790,168001,123549,153210,59278,1618,238,5170,8931,78207,7486,9869,0,0
2000/06,4111412,1652564,761019,904190,105412,80172,170099,118274,148262,55649,1354,188,5191,9237,83620,6371,9810,0,0
2000/07,4585909,1829453,841373,979429,109614,94049,240452,134881,152188,57890,2174,236,5189,9165,111112,8440,10264,0,0
2000/08,4147854,1763933,732149,859721,104734,86565,177190,114218,139466,50441,1695,229,5180,8712,84737,8444,10440,0,0
2000/09,3992972,1581136,735809,884610,103295,80180,163394,115345,149354,53733,1875,281,4275,8418,90546,8414,12307,0,0
2000/10,3921026,1596582,712479,865586,102906,76097,128014,112062,150206,53233,1770,228,3424,8146,89626,8444,12223,0,0
2000/11,3642376,1455460,667842,816583,125038,69963,107462,92035,140432,47499,1695,233,2424,6519,89990,7743,11458,0,0
2000/12,3765798,1475140,696507,852763,111424,81346,111827,106228,153409,52924,1414,227,2418,6873,90955,9055,13288,0,0
2001/01,3997279,1550866,726723,919722,112641,87973,147912,106843,151716,56671,2052,276,3428,7138,99980,7743,15595,0,0
2001/02,3491628,1403275,648891,771861,95335,70531,112556,93487,130523,43127,2090,245,2674,7009,89977,7485,12562,0,0
2001/03,3903473,1561420,730742,866870,110473,73201,128161,110226,150715,48703,2306,273,3074,7663,89057,7235,13354,0,0
2001/04,4154001,1658048,769395,900109,112003,82289,177422,107490,149289,50139,2245,236,4160,7204,113526,6799,13647,0,0
2001/05,4007913,1613563,731143,875475,100271,72636,166849,111593,143094,47360,1913,249,3809,6880,116206,6342,10530,0,0
2001/06,4117541,1702615,723384,883345,98529,83848,183095,107351,138987,42282,2029,245,5342,7242,121574,7507,10166,0,0
2001/07,4268912,1761460,751618,878145,100328,91870,222297,114299,135572,43613,2592,277,7261,7677,132468,8993,10442,0,0
2001/08,4498643,1781002,768895,976397,112074,105503,248360,126579,149914,48516,2431,234,8456,8397,140625,9441,11819,0,0
2001/09,3158197,1359296,533521,647316,103303,66154,124916,78498,101155,30654,1753,142,3449,6937,84150,8204,8749,0,0
2001/10,3566973,1348969,661809,807561,104909,76097,133204,100319,131734,41389,2412,253,4338,8070,124379,9674,11856,0,0
2001/11,3346936,1280544,605797,768273,96354,66755,115194,96294,129922,41861,2560,230,2773,5954,112307,10216,11902,0,0
2001/12,3572870,1439769,632686,797195,98591,71449,115355,93328,133139,42321,2226,225,3004,6048,112524,12789,12221,0,0
2002/01,3262371,1440335,592373,589726,86077,62964,110479,88494,123083,39206,2382,266,3061,5371,96655,10565,11334,0,0
2002/02,3687913,1587258,642289,720824,96056,78866,145633,87101,123980,42506,2620,521,3917,5192,125476,12399,13275,0,0
2002/03,3793252,1613645,691707,774164,97005,65151,129947,96385,129011,42077,2323,280,4067,5756,119038,11548,11148,0,0
2002/04,3992596,1661387,707305,844929,92637,71895,165810,102677,130535,40972,2251,283,4808,5931,140404,9982,10790,0,0
2002/05,3902789,1638213,692771,801590,92741,68752,174833,96119,130077,38333,2072,258,4714,5349,138086,9224,9657,0,0
2002/06,3626826,1581810,633884,728211,84347,70329,141342,82223,120096,33897,2077,206,4674,5004,117715,11967,9044,0,0
2002/07,3999549,1782936,707420,751472,86473,78740,170868,91204,124796,31635,2412,263,4521,4624,141082,12731,8372,0,0
2002/08,4020542,1822703,680840,773053,95469,82408,163306,95067,117737,34173,2218,249,4678,4445,120087,14610,9499,0,0
2002/09,3438889,1527557,602156,675898,81406,58723,134605,80874,112047,30669,1927,162,3734,3822,103619,11930,9760,0,0
2002/10,3604666,1591762,635223,720069,90318,60907,117414,85655,120451,34585,1982,204,3681,3954,115705,14027,8729,0,0
2002/11,3404199,1457880,606123,703838,95738,57150,110034,83816,120814,33588,1927,339,2829,3984,103548,13642,8949,0,0
2002/12,3452003,1522925,607732,705877,95358,60514,104978,81688,124356,33510,1613,285,3025,3864,85445,11641,9192,0,0
2003/01,3466177,1571132,598118,691930,91973,57228,108497,79103,120341,31650,1859,308,3101,3674,82394,10849,10062,3958,0
2003/02,3464875,1540895,594138,674382,97915,67631,132720,78863,110309,31595,2045,301,4152,3527,102609,4629,10038,9126,0
2003/03,3286230,1419756,594130,663255,92513,53506,108425,80434,110584,33101,1822,241,3527,3446,97875,3648,8771,11196,0
2003/04,2246057,714115,420580,576187,76551,51546,120202,69649,100200,28956,1364,181,3887,2872,59617,4539,8020,7591,0
2003/05,1284317,337071,248768,369059,52207,38099,68368,42661,62090,16170,1218,146,3993,2742,28194,2057,5305,6169,0
2003/06,2075045,581819,390887,579950,84057,61342,116279,60306,88062,22284,1170,87,3916,3009,61485,3416,8446,8530,0
2003/07,3821191,1486085,656961,825628,98906,81670,222972,97441,116901,33300,2348,274,5316,2991,158923,5300,9871,16304,0
2003/08,4020608,1732748,675876,804405,98507,77306,221992,97388,113146,31083,1755,217,4396,2676,129122,5554,8620,15817,0
2003/09,3603454,1530033,619801,733305,86921,64572,175133,89319,113488,31110,1481,205,4250,2535,121212,5078,8649,16362,0
2003/10,3727183,1612590,642955,762463,93818,63357,137625,88038,125433,34129,2108,258,3414,3031,126638,5519,9341,16466,0
2003/11,3434267,1497536,598830,705838,94954,54392,111376,78512,118189,31064,1985,152,2116,2659,106582,4714,8684,16684,0
2003/12,3449989,1490255,603698,722308,91285,58183,104731,83125,128673,33249,1856,99,2545,3258,97326,4400,9351,15647,0
2004/01,3800031,1675792,651111,763325,96284,70032,144337,85200,121866,32082,2343,276,3812,2939,123315,5498,12508,7281,2030
2004/02,3096179,1366682,544590,628822,79028,52310,100905,71081,105951,27301,1800,129,3174,2140,83781,5823,8495,13005,1162
2004/03,3425577,1547398,597476,672828,79872,53500,112749,66465,124187,32857,1288,154,3243,2616,100122,5292,9601,14478,1451
2004/04,3618238,1607616,638690,699956,85159,58711,150787,67299,121942,32228,1544,171,4413,2583,116450,4794,9442,14736,1717
2004/05,3671382,1583189,631604,734175,84142,61288,183284,73227,123175,33252,1590,149,5193,2432,120687,6117,9756,15722,2400
2004/06,3878516,1781733,643991,720836,79481,59324,207714,71831,119594,33576,1552,159,4786,2120,116297,5709,8816,18128,2869
2004/07,4261784,1962381,715531,763117,78141,64820,242843,82055,118680,34043,2094,197,5205,1916,152305,6278,8173,21455,2550
2004/08,4106834,1905347,693997,719500,85636,69471,224192,78328,112723,31803,1962,182,5775,1987,137662,6579,9308,19269,3113
2004/09,3560250,1662239,606026,656255,80767,52571,146944,61206,111803,30051,1579,129,3898,1851,110257,5734,7923,18613,2404
2004/10,3690996,1731112,641274,670521,87193,54922,124161,60541,117350,31139,1988,180,2537,2672,127034,5963,8901,22163,1345
2004/11,3511820,1617790,608934,665548,90939,52455,104084,56347,122016,31433,1844,193,2844,2632,119550,6035,8461,19716,999
2004/12,3494903,1642276,613416,654849,82114,48988,99259,51432,119887,30394,1705,121,2066,2794,110725,5156,9134,19285,1302
2005/01,3328457,1577461,589501,614938,80343,46932,93300,48150,113481,28342,1477,54,2738,2382,99731,4503,8114,15775,1235
2005/02,3648431,1745933,635721,634870,81852,56408,134987,53840,106131,28036,1600,57,2958,2237,133168,5176,11507,12908,1042
2005/03,3489986,1694518,611151,619389,78257,46990,104558,48701,119042,29637,1324,117,3211,2331,104349,4863,7993,12899,656
2005/04,3745538,1791378,640663,655955,83030,54045,151394,59002,118558,33077,1619,166,4411,2073,118910,5907,9598,14242,1510
2005/05,3854338,1813286,647584,687254,79960,55261,187889,65302,119262,32179,1588,128,4577,2092,128559,6270,8679,12145,2323
2005/06,3853766,1888926,618470,671265,75478,53247,190885,63997,101924,28651,1317,75,4675,1944,123341,6657,5763,15628,1523
2005/07,4372136,2120531,707833,717639,79319,59396,258499,79268,110577,32565,2080,220,5520,2054,158789,6732,7187,21268,2659
2005/08,4033046,2030108,655481,647696,75127,52268,197967,70365,105161,27616,1880,155,5154,2168,127502,6523,7028,18901,1946
2005/09,3574200,1782914,577773,600179,66781,44276,158656,58090,104975,26283,1644,183,3879,2076,117559,6070,5050,16588,1224
2005/10,3667603,1883088,588148,600549,71532,45947,122679,53382,109435,27215,2082,186,3830,2642,124803,4932,6918,19293,942
2005/11,3323885,1674268,541047,567605,76379,42333,99041,47273,110869,27350,1736,128,3573,2596,105101,4426,5151,13972,1037
2005/12,3376384,1698291,560845,579239,67250,41587,100859,44986,114627,27141,2508,153,2987,2642,106177,4283,5439,16885,485
2006/01,3504523,1786790,592285,582346,68853,43497,111863,45495,106486,26157,1829,165,2628,2371,112360,3526,7086,10088,698
2006/02,3425129,1805177,573942,515716,63476,40578,109663,48197,95804,23776,2092,139,3463,2507,116353,4100,6225,13399,522
2006/03,3488728,1813602,589164,554521,65984,38394,105417,43833,113416,27006,1997,181,3777,2479,107174,3583,5151,12283,766
2006/04,3649409,1908901,601520,556043,59992,41294,154246,53430,102879,26668,1727,208,5297,2125,114831,3531,5390,10510,817
2006/05,3609305,1861050,581387,568900,58644,41481,169602,54167,105010,26362,1613,219,5258,2115,109898,6104,5206,11480,809
2006/06,3748392,1941639,592608,589121,55958,41910,189424,64377,104193,26318,1838,208,5927,1897,111446,4914,4603,11029,982
2006/07,4166494,2184838,657573,600834,52967,42627,246481,80220,94513,26710,2008,196,5411,1763,142578,5482,4753,15658,1882
2006/08,4016170,2097475,648509,597662,56933,45548,196642,75378,100819,27119,1907,240,6303,2081,130281,5377,4601,16610,2685
2006/09,3453988,1815528,554677,525999,49927,34669,142512,61619,96370,24106,1770,230,4606,1883,114758,5067,3863,15697,707
2006/10,3798883,1997746,607025,580776,59928,41902,134325,63242,105586,26788,2077,240,4656,2606,141202,5284,5014,19861,625
2006/11,3406918,1804917,562936,523423,58403,35348,91553,51591,101118,25307,1841,195,3393,2558,119410,5005,4499,14999,422
2006/12,3457145,1839782,568695,533368,53515,37384,97807,51829,104489,25263,1962,201,2821,2844,114862,3067,5216,13955,85
2007/01,3114293,1715980,504209,446799,49640,31796,84094,44889,89062,21601,1599,178,2855,2546,99889,2996,3901,12105,154
2007/02,3492245,1967666,529151,448613,51076,42150,125066,58817,72257,19643,2195,219,4525,2665,145880,4125,5782,11966,449
2007/03,3230997,1919660,488735,377049,52679,35755,99429,47994,70649,15063,1674,209,3943,2672,97919,2533,3598,11158,278
2007/04,3439481,1995447,518852,390441,48129,40624,146091,58970,69189,17111,1722,204,5185,2206,127229,2726,4085,10730,540
2007/05,3349682,1931839,487598,392276,47913,40276,165235,61451,64303,14980,1621,240,5636,2344,116113,2987,3358,10997,515
2007/06,3451034,2042762,478408,379104,43402,41949,183465,67385,53047,11492,1540,196,6323,2284,121746,3170,2452,11670,639
2007/07,3824702,2143908,538783,440135,48930,49029,249863,93440,58153,15141,2441,281,7300,2354,153162,5686,3425,11860,811
2007/08,3460050,2122633,467232,332168,41344,37258,181750,77575,38621,9862,1240,190,4664,1782,120673,4582,2166,15696,614
2007/09,3217097,1937350,429282,331221,42676,38121,162983,70660,41197,8691,1824,175,4830,2141,121539,4338,2357,16541,1171
2007/10,3123039,1911024,445240,313279,41463,33981,106412,66139,40812,6673,1810,208,2926,2451,124026,5246,2166,19025,158
2007/11,3009278,1846737,413602,309034,49009,30410,92647,64902,44042,6367,1559,189,1888,2565,121382,4214,2038,18640,53
2007/12,3060548,1890788,416150,310740,49289,35658,95010,69166,45631,6006,1771,214,2880,2765,116677,4291,2121,11185,206
2008/01,2991210,1896085,395566,288343,47307,32428,93423,63702,40271,5151,1999,213,2187,2331,109845,3255,1908,7058,138
2008/02,3133543,1904356,417078,321406,45236,35792,114463,77567,40353,7323,1836,228,3463,2418,139839,3794,2414,15717,260
2008/03,2974120,1888816,386779,269277,41700,32920,101409,71612,33394,4790,1612,193,3961,2837,115177,3932,2256,13122,333
2008/04,3064650,1911170,407893,255685,41220,33071,147685,85266,29567,5476,1672,230,5323,2261,119740,4045,1938,11946,462
2008/05,3072696,1906261,375679,260747,37865,30209,179505,95451,25862,5504,1712,287,4736,2528,126695,5061,1844,12450,300
2008/06,3002295,1900938,338838,232134,33220,25461,179486,105306,20916,7142,1606,202,4772,2021,128309,3083,1320,16797,744
2008/07,3364566,2005009,386214,305704,30637,33195,238867,127924,18194,8611,2066,196,5711,2254,172611,5985,1286,19277,825
2008/08,3130307,1896037,332868,290605,30618,36569,189537,117453,16609,10006,2235,277,6045,2438,168902,5319,1139,22890,760
2008/09,2655215,1645130,285232,224605,23269,25758,141380,95468,15642,7636,1682,216,4160,1964,159114,5752,625,17242,340
2008/10,2823726,1764562,299215,238999,28507,31047,117982,101421,16014,6680,1870,243,4131,2728,182362,6427,666,20772,100
2008/11,2526394,1595035,270029,210680,27092,26397,96485,84714,15054,6428,1957,212,2575,2565,164846,5120,527,16482,196
2008/12,2497633,1622684,265124,203669,25135,26457,87349,79618,13628,6043,1931,211,2458,2738,139350,4197,375,16588,78
2009/01,2894048,1867955,290241,257841,23774,30953,120638,79579,16540,8052,2711,337,3846,2915,166097,6895,582,15002,90
2009/02,2479825,1635400,254673,199167,20152,25734,94183,68821,14339,6657,1996,237,4185,2550,138479,4826,343,7975,108
2009/03,2843581,1883748,300633,222156,21857,28425,107578,81339,15234,6198,1709,223,3919,2689,150701,5418,387,11256,111
2009/04,3162365,2033524,348885,257968,20394,30471,138394,91791,16266,7534,2146,248,5388,2801,187558,3872,373,14627,125
2009/05,3046541,1865535,321065,292564,21697,33758,181518,94026,16148,7371,2440,281,6756,2809,177891,6595,401,15379,307
2009/06,2689215,1663800,271511,253688,17837,31217,162630,81125,14851,7835,2003,273,6816,2579,152667,6361,218,13526,278
2009/07,3439459,2048436,363304,341928,20253,37607,238408,107994,22422,11561,2405,340,7884,2556,202800,7553,413,23289,306
2009/08,3524092,2238209,364234,309949,20180,41313,202222,98678,19184,9777,2108,209,6031,2649,182417,6350,247,19996,339
2009/09,2816565,1855643,264041,232471,21073,32744,141667,77776,14964,7827,2086,226,5010,2341,136497,5382,240,16460,117
2009/10,2989981,1987378,287760,244675,21395,29342,117382,82469,15397,6872,2121,212,3535,2477,167506,5841,274,15205,140
2009/11,3020047,2041838,294200,241963,23128,29274,97685,73933,15470,7095,1975,162,3449,2848,164387,6816,321,15449,54
2009/12,3152875,2171623,300566,236696,23088,30689,100500,77263,15645,6979,2906,258,3330,2959,159694,4850,243,15525,61
2010/01,3014398,2106653,283773,214118,18617,27746,95596,70527,14882,6944,1797,206,3517,2811,150156,6029,310,10679,37
2010/02,3232205,2172090,326359,251329,20994,32025,130297,81682,17186,8157,2592,293,4855,2873,163997,5438,356,11510,172
2010/03,3302799,2272631,326200,241466,21798,30958,114583,82632,17131,7448,1905,247,4635,2994,161726,5949,285,10124,87
2010/04,3450351,2246508,348982,286677,20323,33802,154766,107082,18842,8054,2054,276,6194,2660,197877,5766,297,10102,89
2010/05,3562410,2264718,356406,311368,22098,35995,193649,119201,18721,7838,1891,209,6789,2657,203943,6836,259,9694,138
2010/06,3526206,2265590,357118,307384,25176,36487,187677,113462,17455,7170,2526,236,7793,2552,179526,7460,252,8155,187
2010/07,4042948,2469340,411020,401279,22351,42343,264516,145259,25201,11886,2186,272,8393,2705,206090,8847,416,20388,456
2010/08,3841451,2409577,387357,363742,23076,41427,222445,135265,21639,11544,2242,248,8350,2758,184072,6616,443,20235,415
2010/09,3231442,2128488,308933,287510,18822,31176,148570,104201,14282,6465,1650,199,6388,2281,148493,7228,124,16405,227
2010/10,3345409,2210914,321633,295210,21685,33528,121635,111498,16331,6872,1932,205,4979,2546,170598,7912,277,17531,123
2010/11,3275119,2074727,320437,384533,24954,30888,102866,106042,16408,6842,1925,262,3047,2845,176354,5746,189,16945,109
2010/12,3266043,2128250,305090,368225,22804,31663,101526,106875,15237,6113,1938,204,3622,2948,151791,5077,344,14233,103
2011/01,3159393,2085528,286292,360266,18145,32166,99034,88806,15747,6747,1934,128,3686,3030,137456,6654,393,13362,19
2011/02,3162319,1988613,304002,366314,18994,33301,130574,100267,18659,8661,2224,188,4956,2707,163982,5498,428,12649,302
2011/03,3184208,2065918,302503,354286,17641,31699,111518,100699,15888,6811,1985,185,4180,2984,149494,3937,236,14157,87
2011/04,3518775,2144617,350894,404925,21032,37216,165887,131255,20533,7978,1942,216,7025,2610,200343,6773,390,14852,287
2011/05,3579601,2120332,348344,455216,21152,36752,216098,132231,19902,8251,1726,200,6932,2496,193060,7569,283,8831,226
2011/06,3810555,2263456,363657,497829,22406,38224,238548,125948,21906,9764,2074,117,7855,2408,191523,7422,267,16791,360
2011/07,4313170,2462481,425453,583339,25091,46169,287918,164213,26872,12430,2524,298,8840,2759,233489,9435,317,21216,326
2011/08,4000458,2439318,376052,501491,23248,40435,217529,139199,20168,10407,1978,198,8064,2696,191550,7274,107,20411,333
2011/09,3570425,2131451,333655,465460,20042,38572,194361,124663,19579,7827,2285,256,7523,2773,194037,8310,0,19333,298
2011/10,3618251,2236372,326412,453805,19954,36622,137583,122439,19331,7235,2055,178,6730,2985,219654,7249,0,19520,127
2011/11,3480528,2194657,321511,426102,22230,32885,110063,114368,19533,6979,1918,151,4020,2771,203861,6003,0,13417,59
2011/12,3457846,2280813,312205,389942,20816,32656,100591,106164,16609,6776,2372,178,3191,3047,163919,4173,0,14370,24
2012/01,3775882,2429255,349799,426669,21111,37391,141500,112406,19492,7782,2834,295,5371,3145,198140,5872,0,14644,176
2012/02,3269473,2135559,310493,379783,17872,32249,104006,86988,15318,6786,1675,123,4978,2681,154931,4832,0,11057,142
2012/03,3678404,2381663,359729,422335,19810,36393,126337,105661,16777,6604,1726,246,5306,3190,176908,4305,0,11327,87
2012/04,4060902,2515632,406831,479945,21313,38513,195652,133794,19164,7904,2197,218,7636,2812,210604,6475,0,12029,183
2012/05,4031573,2379984,395255,522241,22394,39795,249386,144855,21420,8337,1751,239,7825,2842,210730,7802,0,16439,278
2012/06,4024475,2460935,388895,502671,20691,34235,216817,147844,18258,7562,1805,169,6874,2457,191777,7112,0,16202,171
2012/07,4627696,2673705,466746,601576,25859,47874,303219,186855,26916,9821,2725,272,8978,2654,237700,8816,0,23468,512
2012/08,4307862,2641732,418167,537385,21374,38837,227890,158346,21895,7996,2022,198,7076,2576,195739,7251,0,19109,269
2012/09,3689287,2275012,341938,471843,22025,38327,172760,126752,16933,7242,2029,204,6899,2762,175977,7722,0,20669,193
2012/10,3876827,2419733,358667,478707,24659,37662,143522,138435,19710,6323,2351,235,6484,3178,203357,9207,0,24462,135
2012/11,3735333,2424231,335262,438828,24997,33097,115920,127119,18331,5837,1960,202,4118,2854,181995,6827,0,13703,52
2012/12,3782344,2532210,334012,414428,24272,32646,109843,123306,16821,6003,1960,158,3461,2683,162796,4877,0,12854,14
2013/01,3468648,2329505,298417,389326,19831,30027,100163,106007,15900,6483,1306,210,4167,2871,147223,4924,0,12161,127
2013/02,3887372,2530420,351327,435387,23046,34932,145368,125019,20567,8235,2464,203,5479,2808,183523,5622,0,12763,209
2013/03,4034494,2690074,359584,451786,24768,35719,127350,128358,16865,6280,2274,236,6212,3068,162930,5128,0,13761,101
2013/04,4202195,2686120,400126,484270,26188,36002,186975,141554,17579,6272,2191,266,6764,2887,183150,7460,0,14198,193
2013/05,4011538,2473203,369389,486210,25052,38131,238151,141333,18818,7553,2167,236,7067,2849,183623,5682,0,11958,116
2013/06,4407990,2726121,396867,545263,23884,39033,254003,165642,20006,7506,2179,220,7846,2631,188584,9488,0,18579,138
2013/07,4851559,2905768,477007,603692,24887,40115,301989,200704,24873,6421,2708,303,7826,2680,219084,8258,0,24911,333
2013/08,4755251,2949228,458028,565062,25823,40047,247365,193000,26901,6486,2047,253,7561,2638,199618,7930,0,23078,186
2013/09,4302426,2700341,402740,517285,22352,35566,197944,161770,22976,5776,2236,198,6652,2767,190689,10264,0,22809,61
2013/10,4242968,2746898,389528,483341,21113,36000,141269,152971,22397,5906,2272,182,7165,3320,197476,8634,0,24325,171
2013/11,4064967,2679823,369196,460214,22093,32269,111448,147447,22985,5476,1902,194,4391,3031,178847,6463,0,19188,0
2013/12,4106143,2796243,374013,425439,20516,31596,104416,143694,18993,5498,2067,162,3656,3289,157860,3527,0,15125,49
2014/01,4086708,2755806,379999,433722,17494,31511,112907,139074,19861,6217,2492,196,4550,3198,160769,3567,0,15345,0
2014/02,4128360,2730880,399255,438861,17997,30411,126048,152849,20769,6986,2451,217,4725,2691,174670,4928,0,14521,101
2014/03,4434829,2978296,419494,467848,17866,33256,128924,160272,23628,6138,2022,165,5679,3146,169145,4804,0,14071,75
2014/04,4711890,3020681,475695,518272,19551,35444,194934,185280,29333,7005,2199,264,7187,2815,190756,6142,0,16232,100
2014/05,4831615,2984304,482048,563640,19370,35370,263009,203223,32413,8739,1754,223,7381,2860,205361,5494,0,16257,169
2014/06,4982978,3054230,488207,596453,17330,36260,279728,213979,32084,8516,2164,186,7112,2598,214153,7226,0,22616,136
2014/07,5318778,3220731,551184,629394,19136,36158,298059,232670,31105,9990,2409,281,7445,2712,240653,8242,0,28443,166
2014/08,4986337,3174433,495212,558741,17171,34879,209738,207169,28713,8414,2100,218,8334,2909,204275,7687,0,26323,21
2014/09,4363562,2831873,419790,485804,13865,27831,157745,176215,20448,6129,1858,234,6999,2784,182236,7369,0,22382,0
2014/10,4602545,3015824,441656,500665,17311,28461,137282,179755,27057,6766,2332,198,5026,3361,205633,6186,0,25032,0
2014/11,4370377,2942157,409492,459847,18815,25850,104350,163044,23988,5246,2282,195,4080,3035,180216,4594,0,23186,0
2014/12,4538639,3095250,434989,452156,18373,24708,106009,173441,24392,5786,1917,198,3020,2900,175844,3844,0,15812,0
2015/01,4227660,2873722,395884,435185,17889,23884,103072,162381,22094,5484,1492,199,3763,3015,162550,3040,0,14006,0
2015/02,4590974,3093905,463775,449091,11462,23779,132103,177723,25894,6575,1871,181,3937,2604,181413,3393,0,13268,0
2015/03,4595565,3162012,460884,435221,8256,24009,126578,171657,22233,6013,1349,172,4925,2635,152053,3965,0,13603,0
2015/04,4851040,3221240,505946,482410,8683,24950,183348,189335,28107,6804,1483,97,4547,2479,170719,5638,0,15254,0
2015/05,4958018,3216039,515491,517181,8260,24509,228292,205203,29788,6955,1446,178,4443,1956,176009,5407,0,16861,0
2015/06,4951799,3187069,502600,520016,6998,26685,239220,208397,29163,6816,1852,195,4990,2448,185014,8022,0,22314,0
2015/07,5277377,3362016,566934,540389,8267,29036,250012,232513,31037,8153,2027,205,5339,2271,207449,7890,0,23839,0
2015/08,5276176,3447825,561078,523788,8003,26990,217609,223616,27692,7399,1139,143,5083,2302,191219,7489,0,24801,0
2015/09,4647619,3022685,498222,476246,8664,25358,181217,190982,25259,5971,1469,124,5046,2628,173236,7006,0,23506,0
2015/10,5060615,3320313,530716,516957,10473,24004,160174,210190,27223,6504,1642,119,3280,2263,214994,7880,0,23883,0
2015/11,4834087,3232291,498123,492402,11243,25915,131771,189669,25903,5708,1521,110,3453,2609,190478,5398,0,17493,0
2015/12,4884994,3334216,501834,472247,11034,22873,124263,181594,26377,5599,1227,42,2021,2312,180841,3766,0,14748,0
2016/01,4879544,3359027,505515,463792,12384,21486,121263,171288,25858,5761,997,59,2642,2205,169415,3946,0,13906,0
2016/02,5214741,3523930,555227,476680,16637,22776,161110,192668,29858,6723,1474,59,3079,1991,200313,5931,0,16285,0
2016/03,5113350,3527623,537058,474140,14166,25243,136266,172797,24059,5959,1189,78,4659,2362,169235,4605,0,13911,0
2016/04,5322619,3527641,553905,523027,15974,26997,212936,199888,27913,6446,1600,162,5684,1777,197806,5849,0,15014,0
2016/05,5389222,3460319,546864,559635,15767,28157,271716,225410,28469,7188,1618,116,5828,1985,203888,10257,0,22005,0
2016/06,5532645,3532517,577495,575436,16262,26364,277010,229373,33241,7392,1649,137,4954,1563,211427,9497,0,28328,0
2016/07,5890170,3745057,613340,610579,19160,28661,287837,249844,37829,8349,1676,229,4732,1739,236545,9106,0,35487,0
2016/08,5589942,3667282,569305,559019,18630,28392,230295,221844,35136,7650,1098,73,5381,1623,205059,8174,0,30981,0
2016/09,4954721,3327507,481380,477851,12524,20445,190969,193344,31023,5434,1121,91,2773,1439,177399,6665,0,24756,0
2016/10,5206173,3507492,507474,509211,14981,24929,169127,190307,32666,6390,1324,106,3034,1946,205970,6821,0,24395,0
2016/11,4964710,3427719,476585,468835,12972,23168,140769,165293,29540,5825,1145,89,2578,1517,184572,5149,0,18954,0
2016/12,5194744,3690208,492533,444791,14890,23814,120951,168060,31533,5709,1183,69,2062,1743,178081,3850,0,15267,0
2017/01,5221307,3671281,485597,451620,16854,24635,141197,172188,32363,6414,1706,147,3065,2239,191194,4583,0,16224,0
2017/02,4960724,3478811,484699,413600,17150,22009,130222,167310,34264,6406,1249,83,2984,2016,179517,5339,0,15065,0
2017/03,5206595,3635748,517878,445827,18662,27250,147062,172763,32583,6150,1658,132,5079,2273,171761,4972,0,16797,0
2017/04,5612136,3794787,568704,489584,21707,27597,220790,213536,38274,6802,1756,149,5230,2113,191182,8786,0,21139,0
2017/05,5727541,3713535,571084,559226,22403,29087,293486,225375,40661,7572,1823,205,5591,2372,207973,10963,0,36185,0
2017/06,5627369,3711722,565636,534285,20926,26916,267121,216403,39353,7152,1563,145,5352,1789,200548,6683,0,21775,0
2017/07,5974702,3912501,592222,572021,20299,32333,275265,238439,42857,7875,2059,188,6789,2059,221945,10984,0,36866,0
2017/08,5995261,3960860,599340,564745,22498,32439,260038,230143,43148,8222,2111,199,5844,2337,219853,10228,0,33256,0
2017/09,5006248,3413314,482840,455048,17279,27933,177421,184360,33537,5747,1661,137,6222,2267,166573,7012,0,24897,0
2017/10,5695559,3880269,554034,516467,19837,25412,188561,201932,39806,7092,1537,98,2640,1612,221671,8125,0,26466,0
2017/11,5398765,3776803,524560,474593,17604,24139,140711,178257,34121,5975,1222,118,2225,1929,186079,6952,0,23477,0
2017/12,5552486,3929072,532589,466137,20167,23121,138391,193942,35836,5935,1058,65,1394,1729,178517,5449,0,19084,0
2018/01,5177516,3711166,486555,427837,17531,20032,121269,169387,33351,5908,1046,68,1425,1809,161058,3659,0,15415,0
2018/02,5381622,3743864,544788,451754,15387,21813,150718,183897,36665,6651,1915,88,2053,1810,198146,5856,0,16217,0
2018/03,5658651,3971192,576403,461952,16012,26535,161700,197921,35408,6352,1647,122,4170,2541,172408,6103,0,18185,0
2018/04,5897375,3938593,612088,532087,18917,29008,245613,222276,41191,7018,1711,147,5824,2277,208135,9149,0,23341,0
2018/05,5803492,3746487,600299,569103,19519,30829,292613,237897,42367,7333,1778,164,6685,2542,202557,10395,0,32924,0
2018/06,5958724,3863724,611698,579674,20261,28015,289844,247374,42862,7220,1392,102,4533,2142,212384,10122,0,37377,0
2018/07,6298182,4064503,660225,610565,16032,31206,295008,268484,47465,8394,2146,150,5189,2127,240864,10246,0,35578,0
2018/08,6288716,4132643,650999,596852,17845,33729,270493,254504,43998,7892,1614,166,6148,2382,229082,8753,0,31616,0
2018/09,5374171,3576099,520511,514664,13985,26846,219234,220042,37532,6609,1717,118,5296,2188,195375,7733,0,26222,0
2018/10,5761770,3890108,576823,524470,15345,27045,195676,223413,40407,7127,1792,152,3654,1951,218961,8630,0,26216,0
2018/11,5563802,3855448,558564,486709,10139,26788,146135,200438,36927,6367,1845,164,3048,2388,199599,6610,0,22633,0
2018/12,5740110,4041353,574892,470265,11927,25261,140517,213141,37671,6161,1120,83,1592,1714,191259,4947,0,18207,0
2019/01,5677696,4035617,566960,451915,9069,23921,144863,196763,36234,6263,837,54,2428,2219,179129,4764,0,16660,0
2019/02,5587160,3842299,587242,458726,8811,24116,171402,208621,37388,6830,1825,61,3724,2526,212180,4456,0,16953,0
2019/03,6002202,4186032,624828,492431,8715,27654,173936,222194,35955,6891,1200,95,3236,2740,190672,5010,0,20613,0
2019/04,6184146,4158588,653262,545268,8828,30987,255482,232238,41847,7295,1629,181,6563,2637,208039,6818,0,24484,0
2019/05,6258055,4068536,652565,605622,8582,29606,315666,256218,42007,7196,1491,120,4900,2677,218179,11475,0,33215,0
2019/06,6244024,4033378,656853,607120,8630,31011,326637,255501,42403,7554,1710,149,5893,2506,231112,7770,0,25797,0
2019/07,6485161,4212655,688484,614232,10200,31641,305600,266959,46546,8528,1751,211,4707,2134,249752,10635,0,31126,0
2019/08,6388976,4312472,668147,563401,9755,29408,249068,252228,41390,7360,1635,152,4799,2504,209410,8430,0,28817,0
